time1,time2,time3,time4,time5,time6,time7,time8,time9,time10,time11,date,incoming,outgoing,size,user_id,avg_size
20:20,20:13,20:08,20:05,20:56,20:00,20:14,20:00,20:47,20:34,20:57,24/07/22,48,39,"[58, 24, 18, 11, 5, 31, 60, 32, 13, 46, 77]",1,34.09090909090909
01:37,01:58,01:55,01:05,01:18,01:07,01:35,01:49,01:18,01:28,01:23,01/01/22,32,45,"[63, 70, 19, 47, 20, 39, 69, 21, 24, 54, 69]",2,45.0
21:29,21:25,21:36,21:42,21:42,21:52,21:52,21:50,21:21,21:04,21:34,10/10/22,52,51,"[36, 1, 72, 35, 38, 51, 38, 28, 68, 79, 44]",3,44.54545454545455
11:02,11:46,11:51,11:18,11:38,11:01,11:50,11:58,11:33,11:30,11:58,04/05/22,49,51,"[19, 58, 43, 26, 32, 32, 20, 21, 71, 79, 37]",4,39.81818181818182
21:50,21:55,21:07,21:33,21:48,21:59,21:53,21:40,21:12,21:41,21:26,03/07/22,53,44,"[39, 33, 27, 65, 39, 58, 3, 73, 15, 64, 33]",5,40.81818181818182
10:15,10:52,10:27,10:49,10:39,10:22,10:47,10:34,10:40,10:09,10:23,26/11/22,59,62,"[51, 5, 20, 7, 22, 78, 33, 61, 16, 45, 61]",6,36.27272727272727
07:20,07:51,07:58,07:30,07:27,07:55,07:51,07:19,07:24,07:55,07:09,22/01/22,59,46,"[50, 76, 73, 66, 6, 54, 60, 19, 16, 79, 33]",7,48.36363636363637
10:31,10:57,10:57,10:44,10:23,10:35,10:44,10:58,10:09,10:32,10:11,13/09/22,60,54,"[2, 59, 42, 8, 65, 0, 0, 54, 25, 16, 11]",8,25.636363636363637
23:56,23:31,23:15,23:33,23:01,23:54,23:01,23:35,23:37,23:44,23:13,21/03/22,62,54,"[75, 11, 27, 46, 47, 13, 50, 29, 42, 19, 17]",9,34.18181818181818
